season,athletes,returned_next,retention_pct
1,3056,810,26.505235602094242
4,7720,3126,40.49222797927461
5,19060,7420,38.92969569779643
6,45957,17859,38.860238918989495
7,99244,39230,39.528838015396396
